title,link
How to use ! Qiachip WP8601&KR2201D actual use display.,https://www.reddit.com/r/QIACHIP_Remote/comments/ilqkch/how_to_use_qiachip_wp8601kr2201d_actual_use/
Use Qiachip MTD12A-4 Motor module to make small DIY,https://www.reddit.com/r/QIACHIP_Remote/comments/i8unuk/use_qiachip_mtd12a4_motor_module_to_make_small_diy/
How to use QIACHIP Universal Wireless 433 Mhz Remote Control Switch 1 CH RF Relay Receiver LED Light Controller?MTD12A-4 (Motor Module) user manual,https://www.reddit.com/r/QIACHIP_Remote/comments/i86j8b/how_to_use_qiachip_universal_wireless_433_mhz/
How to use Qiachip RX136E receiver module relay ? RX136E user manual,https://www.reddit.com/r/QIACHIP_Remote/comments/i3ghdf/how_to_use_qiachip_rx136e_receiver_module_relay/
How to use Qiachip KR1201MINI2-4 receiver module relay ? KR1201MINI2-4 user manual,https://www.reddit.com/r/QIACHIP_Remote/comments/i1pcbi/how_to_use_qiachip_kr1201mini24_receiver_module/
QIACHIP 433 Mhz Wireless RF 3ch Wall Panel Transmitter/Reciver remote control Switches .How to use QIACHIP WP8601+KR2201D?,https://www.reddit.com/r/QIACHIP_Remote/comments/hkdvpv/qiachip_433_mhz_wireless_rf_3ch_wall_panel/
Qiachip music doorbell performance,https://www.reddit.com/r/QIACHIP_Remote/comments/hj7edr/qiachip_music_doorbell_performance/
How to use Qiachip KT16 copy remote control? -2,https://www.reddit.com/r/QIACHIP_Remote/comments/hhx4r4/how_to_use_qiachip_kt16_copy_remote_control_2/
How to use Qiachip 2ch Wall Panel Transmitter and AC 2ch remote control switch (KR2202 receiver) kit ?,https://www.reddit.com/r/QIACHIP_Remote/comments/hh7b6y/how_to_use_qiachip_2ch_wall_panel_transmitter_and/
How to use Qiachip remote control DIY converted to foot remote control?,https://www.reddit.com/r/QIACHIP_Remote/comments/hh6r52/how_to_use_qiachip_remote_control_diy_converted/
How to use Qiachip FD101 1Way Relay AC 220V RF Remote Digital Wireless Remote Control Switch For Light Bulb?,https://www.reddit.com/r/QIACHIP_Remote/comments/he98x3/how_to_use_qiachip_fd101_1way_relay_ac_220v_rf/
How to Use Qiachip 1CH Wall Panel Switches Kits (Light Switch) ? Qiachip WP8602-1W Transmitter+Qiachip SK301 receiver.,https://www.reddit.com/r/QIACHIP_Remote/comments/hdmzhp/how_to_use_qiachip_1ch_wall_panel_switches_kits/
How to use Qiachip 1ch Wall Panel Transmitter ?,https://www.reddit.com/r/QIACHIP_Remote/comments/hbxxet/how_to_use_qiachip_1ch_wall_panel_transmitter/
Qiachip Wall Panel Transmitter WP1433-1/2/3 description How to use?,https://www.reddit.com/r/QIACHIP_Remote/comments/hbxvn1/qiachip_wall_panel_transmitter_wp1433123/
How to use Qiachip KT16 copy remote control?,https://www.reddit.com/r/QIACHIP_Remote/comments/hbbf3r/how_to_use_qiachip_kt16_copy_remote_control/
How to use light module and KT05 kit on three type? Qiachip QA-R-011&KT05 remote control and module,https://www.reddit.com/r/QIACHIP_Remote/comments/hbatzr/how_to_use_light_module_and_kt05_kit_on_three/
How to use Qiachip KT16 4 buttons RF 433MHz Copy Remote Control ?,https://www.reddit.com/r/QIACHIP_Remote/comments/han0x1/how_to_use_qiachip_kt16_4_buttons_rf_433mhz_copy/
How to use 220V 1CH remote control switch&KT05 kit and wire?,https://www.reddit.com/r/QIACHIP_Remote/comments/ha1534/how_to_use_220v_1ch_remote_control_switchkt05_kit/
How to use Qiachip wireless doorbell? Wireless Doorbell Manual,https://www.reddit.com/r/QIACHIP_Remote/comments/h9xymm/how_to_use_qiachip_wireless_doorbell_wireless/
Use Qiachip QA-R-011 module to DIY remote control bubble machine for your friends for a gift.How to get holiday gifts?,https://www.reddit.com/r/QIACHIP_Remote/comments/h9cce6/use_qiachip_qar011_module_to_diy_remote_control/
QIachip remote control switch FD103 set or Reset function(220V 3Channel),https://www.reddit.com/r/QIACHIP_Remote/comments/h7zzbc/qiachip_remote_control_switch_fd103_set_or_reset/
The application of segmented switches in controlling lights. （Use of QIachip FD202）,https://www.reddit.com/r/QIACHIP_Remote/comments/h07bhq/the_application_of_segmented_switches_in/
How to use KR2201B high power remote control switch to control the motor？,https://www.reddit.com/r/QIACHIP_Remote/comments/h050nh/how_to_use_kr2201b_high_power_remote_control/
How to use Qiachip KR2402A-4 24V 2CHANNEL RECEIVER ？Qiachip KR2402A-4 INSTRUCTION MANUL,https://www.reddit.com/r/QIACHIP_Remote/comments/h038y4/how_to_use_qiachip_kr2402a4_24v_2channel_receiver/
How to use QIACHIP KR2401A-4 DC 24V 1CH Wireless remote control Switch ? RF 433Mhz receiver.,https://www.reddit.com/r/QIACHIP_Remote/comments/gzk17v/how_to_use_qiachip_kr2401a4_dc_24v_1ch_wireless/
How to use Qiachip KR2202 remote control switch on light or motor & Enternal power control light wiring diagram ?,https://www.reddit.com/r/QIACHIP_Remote/comments/gx1hxd/how_to_use_qiachip_kr2202_remote_control_switch/
How to use Qiachip KR2201 220V 1-channel remote control switch？,https://www.reddit.com/r/QIACHIP_Remote/comments/gwdag8/how_to_use_qiachip_kr2201_220v_1channel_remote/
How to use the 2 button remote control with 1 channel DC 12V remote control switch to control Light Qiachip KR1201 remote control switch,https://www.reddit.com/r/QIACHIP_Remote/comments/gwbpkd/how_to_use_the_2_button_remote_control_with_1/
How to use: 12v RF 4-Channel 433Mhz wireless Remote Control Switch Module Lighting control,https://www.reddit.com/r/QIACHIP_Remote/comments/gwbnne/how_to_use_12v_rf_4channel_433mhz_wireless_remote/
How to use Qiachip KR1204 remote control switch on motor or light？(12V 4CHANNEL RECEIVER),https://www.reddit.com/r/QIACHIP_Remote/comments/gwbe94/how_to_use_qiachip_kr1204_remote_control_switch/
QIACHIP KR1202 DIY Wireless Receiver Remote Control Switch DC 12V 2CH Receiver Module 433.92 Mhz and RF Remote Controls Switch,https://www.reddit.com/r/QIACHIP_Remote/comments/gtbmn0/qiachip_kr1202_diy_wireless_receiver_remote/
How to use Qiachip 12V 1channel remote control switch (Qiachip KR1201 receiver)?,https://www.reddit.com/r/QIACHIP_Remote/comments/gt9h1c/how_to_use_qiachip_12v_1channel_remote_control/
How to use QIACHIP RGB Controller kit perfectly with decorative light strips？,https://www.reddit.com/r/QIACHIP_Remote/comments/eoj4wt/how_to_use_qiachip_rgb_controller_kit_perfectly/
"How to connect ""QIACHIP ceiling fan wi-fi smart remote control kit with wifi",https://www.reddit.com/r/QIACHIP_Remote/comments/emqrdx/how_to_connect_qiachip_ceiling_fan_wifi_smart/
"How to use ""Smart Life"" APP with QIACHIP WiFi Ceiling Fan Remote Control Kit to control your ceiling fan.",https://www.reddit.com/r/QIACHIP_Remote/comments/edyj6k/how_to_use_smart_life_app_with_qiachip_wifi/
